{
  "top_q": 0.25,
  "threshold": 0.65,
  "metrics": {
    "accuracy": 0.8787878787878788,
    "balanced_accuracy": 0.8288246268656716,
    "precision": 0.9166666666666666,
    "recall": 0.6875,
    "f1": 0.7857142857142857,
    "roc_auc": 0.9482276119402986,
    "pr_auc": 0.9062921254892938
  }
}