{
  "train": {
    "MAE": 678.2158203125,
    "RMSE": 954.8327405886331,
    "R2": -0.0002104043960571289,
    "SafeMAPE_percent_(|y|>=eps)": 99.99917602539062,
    "SMAPE_percent": 199.9054718017578
  },
  "test": {
    "MAE": 118.74420166015625,
    "RMSE": 157.90322268520995,
    "R2": -1.537799835205078e-05,
    "SafeMAPE_percent_(|y|>=eps)": 99.99174499511719,
    "SMAPE_percent": 199.4119110107422
  }
}