{
  "thresholds": {
    "top_q": 0.3
  },
  "metrics": {
    "accuracy": 0.7676767676767676,
    "precision": 0.8947368421052632,
    "recall": 0.4473684210526316,
    "f1": 0.5964912280701754
  }
}